symbol,ts_bin,best_ofi,multi_level_ofi,integrated_10_level_ofi,cross_asset_best_ofi,cross_asset_integrated_ofi
AAPL,2024-10-21 11:54:00+00:00,-531.0,"[-4.920801084587531, 3.206397693535378, 5.022738583514956, -1.4456590756980316, -0.5652897667793585, 5.374886307082425, 0.4077499957097012, -2.28896020318855, 6.273789706715176, 5.467556760652812]",-0.7148137358139459,0.0,0.0
AAPL,2024-10-21 11:55:00+00:00,-1217.0,"[-11.204577054601481, 16.26827251888317, 16.765435346285372, -2.1727856901281424, -3.498553229867348, 6.7945586411634284, -7.264101311487731, 1.4822817631806395, 12.778926008041788, -5.339897035060689]",-1.4376797363273595,0.0,0.0
AAPL,2024-10-21 11:56:00+00:00,334.0,"[3.0479860072498672, -5.229029886689143, 17.31146543638622, -5.338538365991534, 5.949960708763213, -2.48219219752085, -0.5840452229460823, 7.756850617252656, -1.3141017516286853, 2.3088037719587318]",-6.710767341807975,0.0,0.0
AAPL,2024-10-21 11:57:00+00:00,960.0,"[8.510997593616752, 5.789251488158062, 2.9699835352725126, 1.8174526111369107, -15.647823700764134, 8.741503778443873, -4.468273736648795, -3.3600709249799467, 14.778992696415756, -2.083421285937434]",5.640464763003066,0.0,0.0
AAPL,2024-10-21 11:58:00+00:00,615.0,"[5.358387546468402, 0.15683085501858737, 9.122328066914498, 5.140566914498142, -0.3572258364312268, -10.307272304832715, 10.376974907063198, -0.9671236059479554, 4.9401719330855025, 21.389986059479554]",-2.6193474249980797,0.0,0.0
AAPL,2024-10-21 11:59:00+00:00,372.0,"[3.409670563230606, 21.40209883103082, 8.175876726886292, -20.155552603613177, -2.4014346439957492, 5.508634431455898, 4.27125398512221, -0.6782678002125399, 10.83395324123273, 5.416976620616365]",-6.634359216318675,0.0,0.0
AAPL,2024-10-21 12:00:00+00:00,620.0,"[4.689543075319952, 7.0570059504411535, 11.406178963842722, 3.9558564974069914, -5.120678487083238, 2.2993888627375245, -0.688303902990509, -1.6867227512844343, 17.01850309591918, -17.321054262068852]",1.3472285609269958,0.0,0.0
AAPL,2024-10-21 12:01:00+00:00,-798.0,"[-5.71669370641158, 3.3526474368428816, 18.024061861317712, 14.06249341564653, 2.048840100292872, -4.599144560797286, 10.72417353195255, -6.827079075451423, 5.573418174922568, 5.079117591285477]",-1.0948682344737977,0.0,0.0
AAPL,2024-10-21 12:02:00+00:00,-1000.0,"[-6.487251567752462, -2.9841357211661323, 6.273172266016631, 7.992293931471033, -3.2890365448504983, 2.5365153629912127, 9.043228685446932, -8.323143761426408, 14.550905266468773, -6.649432856946273]",2.350568577746742,0.0,0.0
AAPL,2024-10-21 12:03:00+00:00,-449.0,"[-2.923720930232558, 2.441860465116279, 7.61860465116279, 8.673488372093022, -4.395348837209302, 4.551627906976744, 5.176744186046511, -8.250232558139535, 13.225116279069766, -12.886511627906975]",3.130845419962788,0.0,0.0
AAPL,2024-10-21 12:04:00+00:00,147.0,"[1.0155848329048842, 0.642512853470437, 1.5475578406169666, 8.40793701799486, -1.9758997429305913, -1.7410025706940875, 1.9551735218508997, -3.4267352185089974, -0.18653598971722365, -7.261086118251928]",2.606814270249273,0.0,0.0
AAPL,2024-10-21 12:05:00+00:00,185.0,"[0.9689724859092257, -3.509251705725304, 0.9794478641352714, 11.920980421239987, 8.09222967962029, -0.199032186294868, 19.049475304064075, 10.993909448234945, -11.842415084544644, 5.075320750519134]",0.03354139116810462,0.0,0.0
AAPL,2024-10-21 12:06:00+00:00,-3741.0,"[-18.706825056103035, 12.226192799297493, -3.445336130354181, 10.035979119914138, 10.210996194750708, 3.285320519075032, 3.9103815006342084, -1.3651331837252416, 3.685359547272905, -8.945872768074935]",1.2608484162771756,0.0,0.0
AAPL,2024-10-21 12:07:00+00:00,-950.0,"[-4.81517915200827, -20.26936992513797, 28.60216416292912, 2.4886873301432217, 13.061807026026644, -8.520332794237792, 10.735315204161594, 7.020024342664688, -23.219300731947246, 0.4257632092302049]",-9.61036942521001,0.0,0.0
AAPL,2024-10-21 12:08:00+00:00,978.0,"[4.730205862095355, -28.594046070253313, 4.386806459018903, 11.956103160633658, -3.869289048748757, 23.220570903803477, -13.711793066503406, 25.00528047753884, -8.87518175556746, 4.1643223387158494]",7.5859265769787445,0.0,0.0
AAPL,2024-10-21 12:09:00+00:00,203.0,"[0.8468783595141441, -12.215073086982335, -2.1317972498114663, 9.962293214383134, 3.404200696372126, 23.049275548352938, -12.377773855558944, 2.223577170546989, 15.172889623413507, 16.82910001123181]",5.421171797412002,0.0,0.0
AAPL,2024-10-21 12:10:00+00:00,9.0,"[0.03763440860215054, -4.419952210274791, -16.094982078853047, -5.6117084826762245, 13.991636798088411, 18.20250896057348, -1.2419354838709677, 0.3010752688172043, 14.58542413381123, 41.51075268817204]",-1.5359998989497203,0.0,0.0
AAPL,2024-10-21 12:11:00+00:00,-1.0,"[-0.0034094575918270434, 11.786494894946088, -57.589148183550584, 63.450005783901275, -23.150217048505624, 23.45365877417823, -3.5765210138265684, 10.934130496989328, -4.88916218667998, -0.9614670408952262]",38.68491406750874,0.0,0.0
AAPL,2024-10-21 12:12:00+00:00,-1438.0,"[-5.204643231605616, -27.872710380107687, 6.3302649597206, 20.243094293720592, 7.137382790491151, 9.663697794427675, -2.338108155505722, 10.68797737338761, 7.130144065551505, -7.658570986145677]",4.826193391601258,0.0,0.0
AAPL,2024-10-21 12:13:00+00:00,-920.0,"[-3.183376881479543, -21.920317982796636, 19.103721481139736, -2.283726893235324, 12.626241565781362, -14.799242306617398, 15.411696337075961, 37.24896970557313, -8.6989233478691, -26.57081638356675]",-8.729641600987499,0.0,0.0
AAPL,2024-10-21 12:14:00+00:00,-22.0,"[-0.07743641699605683, -0.6124516616960858, 2.2174973957961726, 17.827975094773993, -5.431108701132531, 5.744374206252942, 6.416663099264163, 14.709399392114612, -20.214424673107015, 2.2597354414303856]",6.651354208429142,0.0,0.0
AAPL,2024-10-21 12:15:00+00:00,-2481.0,"[-8.70299792547525, -1.6697408353592176, -25.298678371030835, 23.727157584810396, -5.391579125939322, -5.1319975675011245, 25.98972657390009, 48.09976120681847, -40.41755022060694, -29.77821418353865]",12.693923306692199,0.0,0.0
AAPL,2024-10-21 12:16:00+00:00,-4206.0,"[-16.372469131317114, 0.8992012290381011, 14.356078496504402, -14.118627089702134, 9.879535581379656, 2.059209740957383, -2.2694126256675884, 20.339075418718952, -28.92235987771901, 22.00512791234799]",-9.836559002283984,0.0,0.0
AAPL,2024-10-21 12:17:00+00:00,-1677.0,"[-8.171997666589355, -17.201640884353264, 3.035870331714471, -2.9725215125936235, 4.439290324545559, 16.051616168005566, 19.90614816220484, -21.226727391570204, -3.3282494968876146, 32.239675946425265]",-2.602156351705818,0.0,0.0
AAPL,2024-10-21 12:18:00+00:00,-3100.0,"[-15.53303584071921, 6.22323564973331, 0.045095910505313835, -8.708521384248384, 7.5410383678330355, 10.547432401520625, 0.6764386575797076, -15.09710870583451, -1.1073551357415954, 35.19986347775885]",-4.702493850514638,0.0,0.0
AAPL,2024-10-21 12:19:00+00:00,-3050.0,"[-15.660460674272686, 28.204232945501595, -5.18078846568562, 4.9754053748754865, 1.632795571940562, -0.6007455406196408, 7.0292362829768225, -3.4401667710697375, -3.188572484827324, -2.5570194805861632]",1.3781799271007744,0.0,0.0
AAPL,2024-10-21 12:20:00+00:00,-1995.0,"[-9.403681159551661, 4.0537171915861805, 14.178582921268871, 17.996618880786087, -5.0435783662758285, 1.9514406015310217, 25.354586945979143, -15.177871345241279, -1.4612236388275766, -3.6247773492206656]",3.1395993662957564,0.0,0.0
AAPL,2024-10-21 12:21:00+00:00,0.0,"[0.0, -6.007233433626928, 5.228358611645214, 9.867182137039073, 0.606747789499568, -6.906597178346146, 17.130942907785673, -8.507378580430112, 0.2280683180388447, 5.6113412589179905]",-0.08276585014342963,0.0,0.0
AAPL,2024-10-21 12:22:00+00:00,141.0,"[0.7484725050916496, -7.686441045196516, -11.784460718464272, 18.871062096459678, -14.364302118992937, 6.730944230185899, 20.277765740780865, -19.030311565628114, -2.951423495255016, -2.383433721887594]",11.644833768011694,0.0,0.0
AAPL,2024-10-21 12:23:00+00:00,-464.0,"[-2.3333541134177005, 4.284520915154916, -20.301186542817366, -20.61297092866197, 30.44926542401762, -18.510940714419302, 56.297196766618875, -16.338507574340753, -3.510088730960248, -8.051077447374437]",-15.423294714562443,0.0,0.0
AAPL,2024-10-21 12:24:00+00:00,-178.0,"[-0.905628561460635, -16.041836260030237, 15.604285382021166, 25.21514129549948, -21.165251773462032, 8.715402953831841, 15.762007210140714, -18.585736713571347, -8.481364112106059, 4.182172345621584]",10.586999003974451,0.0,0.0
AAPL,2024-10-21 12:25:00+00:00,84.0,"[0.4129570675731578, 2.9300287175428816, -2.4629939387399054, -9.473431776350894, 32.92840998339299, -6.917030881850393, 14.197857275610472, 10.07811891101159, -3.23974651822275, -1.1602127136579194]",-12.94822628417537,0.0,0.0
AAPL,2024-10-21 12:26:00+00:00,337.0,"[1.7004221834741677, 4.9953055241526, -9.46080591695568, -23.821047858105477, 44.12015303352558, -23.351791884624475, 25.0824886470329, -5.227410629315245, -4.561369892761565, 2.2352730779793957]",-21.780682383507116,0.0,0.0
AAPL,2024-10-21 12:27:00+00:00,24.0,"[0.11801026267820076, -5.320296009075552, 7.306802097491931, -23.066089259309994, 11.76168951359401, 18.23258558378202, 1.829159071512112, -0.8113205559126303, -0.039336754226066924, -1.8144077886773369]",-9.050941517182327,0.0,0.0
AAPL,2024-10-21 12:28:00+00:00,-593.0,"[-2.940308944123069, -2.1122624117983597, -1.6461763397113978, -11.389358591316508, 17.34931027906681, -12.514906871781832, 18.19223189879855, -8.131714449176785, -1.1800902676244358, -2.6973491831415677]",-10.15450835270956,0.0,0.0
AAPL,2024-10-21 12:29:00+00:00,-1018.0,"[-5.381542141823499, 7.094331585783041, -17.482082380167302, -21.774628764411585, 53.95815387189829, -14.796597696428266, 44.22062869975793, -14.823029632291838, -1.4854747955328127, -0.005286387172714636]",-22.176135353067103,0.0,0.0
AAPL,2024-10-21 12:30:00+00:00,-1410.0,"[-7.532846715328468, -15.32213076564684, -12.463922969405187, 37.46656313092095, -20.103618574312783, 6.923808044727442, 5.940798260599473, -0.7319148936170213, -8.665444944867216, 0.5235595589377233]",19.638482098631194,0.0,0.0
AAPL,2024-10-21 12:31:00+00:00,-3621.0,"[-18.625900566765047, 3.8836108610625826, -2.9680045918319338, 20.745169010152843, 3.8270284511663064, -2.6439416987896256, 0.020575421780464013, 6.6510050905349924, -16.21857621845076, -6.213777377700132]",5.457183738008074,0.0,0.0
AAPL,2024-10-21 12:32:00+00:00,-4012.0,"[-20.84830517859729, 1.9175036418001994, 7.716782948708119, 11.250393995927999, 12.46637191511837, -1.0341008799952296, -0.5612205780878633, 17.138013579016416, -4.505354085205346, -3.2426077845076544]",-1.3690323345493778,0.0,0.0
AAPL,2024-10-21 12:33:00+00:00,-2375.0,"[-12.409408896070596, -6.337942311972056, 13.151360922698817, 1.5988543672410958, 5.251139343389873, -3.2551838914745184, -0.020900057088118897, 6.609643054117602, -2.069105651723771, -7.764371208236171]",-3.349403806632258,0.0,0.0
AAPL,2024-10-21 12:34:00+00:00,-4642.0,"[-24.271212072460504, 1.9973293864023938, 1.3960391260980083, 28.642330834325428, -22.88040155732166, 10.258534701888735, 29.855368576852534, -26.4672286753113, -2.697963254930982, -1.5842691206280768]",14.443202111726286,0.0,0.0
AAPL,2024-10-21 12:35:00+00:00,891.0,"[4.387470210858345, -20.17448423556301, 9.897660071633304, -3.63899044424727, 9.178725558967402, 11.97075205678635, 3.6488388622289945, -7.844264922443709, 0.7287829306476264, -3.0431611563529266]",-3.8928821627917323,0.0,0.0
AAPL,2024-10-21 12:36:00+00:00,-287.0,"[-1.4702241195304162, -16.049519743863392, 26.458911419423693, 1.024546424759872, 1.4702241195304162, 11.387833511205976, -1.9978655282817501, -4.426040554962647, -0.14343649946638207, -0.4815368196371398]",-3.3555046033941114,0.0,0.0
AAPL,2024-10-21 12:37:00+00:00,-302.0,"[-1.7694492442749608, -1.2831436572722397, -25.07110369620052, 51.85306560209736, -15.977775129595424, 3.398280005561183, 2.929551728932054, 4.775169318159248, -17.01483644163737, 2.982283660052831]",24.36566968126457,0.0,0.0
AAPL,2024-10-21 12:38:00+00:00,-3503.0,"[-21.17197802197802, -1.6016483516483515, -17.279670329670328, 7.524725274725274, -1.3357142857142856, -5.808241758241758, -10.57087912087912, 6.454945054945054, -0.5197802197802197, -11.749450549450549]",6.210991769364188,0.0,0.0
AAPL,2024-10-21 12:39:00+00:00,-1103.0,"[-6.738434196641798, -10.48947553547957, 3.8915526593479832, 11.680767165892219, -7.410444859951497, 3.9892996649203027, -2.1565433104393064, 2.0343595534739065, 0.006109187848269989, -1.124090564081678]",5.595892204397005,0.0,0.0
AAPL,2024-10-21 12:40:00+00:00,-2976.0,"[-17.133614190282106, 11.076973690222706, -3.6501046359673572, 15.181902089977793, 5.935737980571523, -1.295384137370119, 7.950779972036152, -0.3914938726274137, 1.9517121003043125, 5.3830407486269385]",2.744676509688283,0.0,0.0
AAPL,2024-10-21 12:41:00+00:00,-3655.0,"[-21.326253756163027, -9.960031508008287, -8.489657788021123, 5.414709572016221, 3.197479359337165, 0.3967675117425679, 9.055634973889198, 6.558333576450681, -6.634186188989702, 0.12836595968141903]",2.2581352052657953,0.0,0.0
AAPL,2024-10-21 12:42:00+00:00,-15.0,"[-0.07846973819641892, -13.983307346601851, 18.66010374310842, 0.49697500857731985, 17.347043457288343, 5.205159300362455, 14.203022613551825, -7.360461442824095, 7.057045121797942, 4.661102448867284]",-8.185439606137429,0.0,0.0
AAPL,2024-10-21 12:43:00+00:00,-193.0,"[-1.0061419964976304, -15.56652850539857, 6.79797494006689, -3.925517737630651, 15.279804102251576, 12.610660567501387, 2.4814693799630674, -1.5222459221622178, 6.266231501503376, -0.5473829514624413]",-4.9808796317831785,0.0,0.0
AAPL,2024-10-21 12:44:00+00:00,-3507.0,"[-18.136039690363454, 5.073126585756072, -10.999531343428304, 7.870844713069054, 11.128815914930753, 1.4583299665476173, -3.257971201861698, 9.763570839864899, -4.106077990917759, -4.08022107661727]",1.8408185581003198,0.0,0.0
AAPL,2024-10-21 12:45:00+00:00,-191.0,"[-0.9965458102852726, -25.09625836372859, 13.017705741684582, 13.455977197516848, 7.65931544240199, 6.9810381893282445, 17.91695451580956, -4.800115944829585, -0.13043793328341263, -1.805260996642431]",-0.23118261607787627,0.0,0.0
AAPL,2024-10-21 12:46:00+00:00,178.0,"[0.9621881672477635, -2.0811373280358927, -2.1730317035595554, -1.8865374739857834, 7.913727398037785, -2.551420308656991, -3.4865807183977946, -3.5514473364144976, 0.4216330171085705, -7.567772101948701]",-2.2803880948229205,0.0,0.0
AAPL,2024-10-21 12:47:00+00:00,-2327.0,"[-12.288389604674474, -9.061829205681736, -1.6053590201207737, 18.97914578392783, -10.339779478277878, 9.07239077818253, 18.39825929638413, -3.094540742732807, 1.446935432608855, 2.5981468351954624]",9.167456337186008,0.0,0.0
AAPL,2024-10-21 12:48:00+00:00,-1125.0,"[-4.594127270894556, -22.272329009296808, 26.870539948876605, 1.233267942942361, 6.060164328895574, 4.851398398064651, -5.292434616070529, -6.125503027859408, -4.700302656710786, 9.796721175889815]",-5.62996929987846,0.0,0.0
AAPL,2024-10-21 12:49:00+00:00,-307.0,"[-1.2516384710818074, -26.215098922006586, 13.580481261151467, 4.223770215116457, -16.81354089492304, 31.97589748760461, 17.24977971057696, 5.5039476741382405, 9.841873841014603, 5.51210167069252]",6.93339684492638,0.0,0.0
AAPL,2024-10-21 12:50:00+00:00,180.0,"[0.7214113429181453, -15.738790797997538, -29.233190751360844, 29.898492323163136, -30.844342750544705, 27.03689399625449, 9.462512114609673, -4.204224992895192, 5.326420415212306, -2.717316058325014]",26.04819021974238,0.0,0.0
AAPL,2024-10-21 12:51:00+00:00,-414.0,"[-1.6371058722275853, -6.481199334736744, -38.55107523755248, 53.59742268640746, -48.626789639571534, 30.942882729905445, 22.587315802328423, -9.102941347507008, 9.84240704341657, -6.022493341552203]",39.579264382351255,0.0,0.0
AAPL,2024-10-21 12:52:00+00:00,-138.0,"[-0.5792327371164283, 0.7974943482037782, -14.648711974900978, 4.465968349941158, -17.444139532288958, 12.642384088367262, 14.543778508032059, -2.0650906279803096, 9.045264844100746, 2.4974165114802527]",9.828140465842838,0.0,0.0
AAPL,2024-10-21 12:53:00+00:00,-1180.0,"[-4.700850220679967, -4.3701971966829865, -4.633126107331188, 5.477685638504199, -6.374034197532159, -1.2190340402780253, 1.8843238596454444, -3.1471793850315035, -3.7168586914359403, -3.2149034983802824]",4.171378511419899,0.0,0.0
AAPL,2024-10-21 12:54:00+00:00,-185.0,"[-0.7510803446092869, 0.552145550631692, -1.9974677272852386, -6.861220445349701, -1.063692163716936, 8.209105171891773, 3.625485122897801, 4.754135586689054, 14.55877900415623, -1.08399163249016]",-0.2685206396934323,0.0,0.0
AAPL,2024-10-21 12:55:00+00:00,-1908.0,"[-7.663694852281937, 4.623119903027521, -29.747025197065003, 22.235961583979456, -24.228200916648138, 2.667030074379039, 18.918240437236857, -6.1052495678556316, 2.361767595986257, -4.8360003155909075]",18.46702934841233,0.0,0.0
AAPL,2024-10-21 12:56:00+00:00,215.0,"[0.879514671531951, 3.947589107108524, -18.572077250023522, 17.06667539363395, -19.594768728549045, 11.732316641644815, 2.43809648480485, 5.289360326934012, 5.170728115425051, -4.393482591745652]",15.4620419853597,0.0,0.0
AAPL,2024-10-21 12:57:00+00:00,25.0,"[0.10131432308216592, 0.05673602092601292, -3.270426349092316, 4.125519235905796, 1.6818177631639541, 1.973603013640592, 11.83351293599698, 1.6129240234680815, 1.8763412634817127, 0.6119385114162822]",1.0732436494565607,0.0,0.0
AAPL,2024-10-21 12:58:00+00:00,195.0,"[0.9181293085613595, 3.7572676319587948, -6.196195743932047, 0.19775092799783128, -17.821125296947415, 12.745518145003079, -9.487336188467383, 16.978329675242374, 1.2335891222721858, 1.7891750628375211]",8.27289100875574,0.0,0.0
AAPL,2024-10-21 12:59:00+00:00,-49.0,"[-0.24708723692242363, 0.9278377876270602, -3.872714244008599, 2.728044799490432, -13.962950184452879, 7.548767217813636, -1.053902704424215, -5.8090713660128985, -0.615196793970116, 6.525120093420738]",6.124392051294849,0.0,0.0
AAPL,2024-10-21 13:00:00+00:00,-1007.0,"[-5.452230236024678, 4.30439229159843, -1.8571151648028448, -14.066429149148078, 12.96732017406068, -9.789108507182341, 12.777818626631818, 4.986597862342332, -5.84206199073548, 3.405613523792972]",-9.267281850708763,0.0,0.0
AAPL,2024-10-21 13:01:00+00:00,-1137.0,"[-6.04605172084193, -11.225343168599222, -23.84388383135903, 10.667000661397461, -0.8189023438959168, 0.45199155344904496, 6.460820440477525, 4.339118913110831, -4.429517223800641, 11.299788836226124]",7.372598833051928,0.0,0.0
AAPL,2024-10-21 13:02:00+00:00,-6296.0,"[-46.88818086911308, -35.67999913340546, -39.36641106641228, -2.442713361669169, -4.393905132270762, -10.575161504787257, -11.193287142038907, -13.420028895511717, 23.44409043455654, -15.810611179340386]",8.548074117722836,0.0,0.0
AAPL,2024-10-21 13:03:00+00:00,171.0,"[1.5186145972095633, -9.857673701184885, 12.450863539694781, 13.001472341022225, 10.381640141157774, 11.82920844142186, 21.87337867208862, -7.690761644347846, 1.6607071911005165, 22.468391409006987]",-1.685352806693551,0.0,0.0
AAPL,2024-10-21 13:04:00+00:00,-196.0,"[-1.7450859530169167, -9.001438257653586, -4.166837887815903, 1.2019724676392027, -5.431134853777139, -4.522977878227518, 1.1040339702760085, -8.769947263886035, -4.923635367440586, -1.3800424628450105]",2.1083617886876005,0.0,0.0
